category,name,phase,covered
element,score-timewise,1,*
attribute,score-timewise/@version,1,
element,work,1,*
element,work/work-number,1,
element,work/work-title,1,*
element,movement-number,1,
element,movement-title,1,*
element,identification,1,
element,identification/creator,1,
attribute,creator/@type,1,
element,identification/rights,1,
element,identification/encoding,1,
element,encoding/software,1,
element,encoding/encoding-date,1,
element,defaults,1,
element,defaults/scaling,1,
element,scaling/millimeters,1,
element,scaling/tenths,1,
element,defaults/lyric-font,2,
attribute,lyric-font/@font-family,2,
attribute,lyric-font/@font-size,2,
element,credit,1,
attribute,credit/@page,1,
element,credit/credit-words,1,
attribute,credit-words/@justify,1,
attribute,credit-words/@valign,1,
attribute,credit-words/@font-size,1,
element,part-list,1,*
element,score-part,1,*
attribute,score-part/@id,1,*
element,score-part/part-name,1,
element,score-part/part-abbreviation,1,
element,score-part/score-instrument,1,
element,score-instrument/instrument-name,3,
element,score-instrument/instrument-sound,3,
element,score-instrument/virtual-instrument,3,
element,virtual-instrument/virtual-library,3,
element,virtual-instrument/virtual-name,3,
element,midi-device,3,
attribute,midi-device/@id,3,
attribute,midi-device/@port,3,
element,midi-instrument,3,
attribute,midi-instrument/@id,3,
element,midi-instrument/midi-channel,3,
element,midi-instrument/midi-program,3,
element,midi-instrument/midi-unpitched,3,
element,midi-instrument/volume,3,
element,midi-instrument/pan,3,
element,midi-instrument/elevation,3,
element,measure,1,*
attribute,measure/@number,1,
attribute,measure/@implicit,1,
attribute,measure/@width,1,
element,part,1,*
attribute,part/@id,1,*
element,attributes,1,*
element,attributes/divisions,1,
element,attributes/key,1,
element,key/fifths,1,
element,key/mode,1,
element,attributes/time,1,*
attribute,time/@symbol,1,
element,time/beats,1,*
element,time/beat-type,1,*
element,time/senza-misura,1,
element,attributes/staves,1,
element,attributes/clef,1,*
attribute,clef/@number,1,
element,clef/sign,1,*
element,clef/sign (TAB value),2,
element,clef/line,1,
element,clef/clef-octave-change,1,
element,attributes/transpose,1,
element,transpose/diatonic,1,
element,transpose/chromatic,1,
element,transpose/octave-change,1,
element,attributes/staff-details,2,
attribute,staff-details/@number,2,
element,staff-details/staff-type,2,
element,staff-details/staff-lines,2,
element,staff-details/staff-tuning,2,
attribute,staff-tuning/@line,2,
element,staff-tuning/tuning-step,2,
element,staff-tuning/tuning-octave,2,
element,staff-details/capo,2,
element,note,1,*
element,note/grace,1,
attribute,grace/@slash,1,
element,note/cue,1,
element,note/chord,1,
element,note/pitch,1,*
element,pitch/step,1,*
element,pitch/octave,1,*
element,pitch/alter,1,
element,note/rest,1,*
attribute,rest/@measure,1,
element,note/unpitched,1,
element,note/duration,1,
element,note/tie,1,
attribute,tie/@type,1,
element,note/instrument,3,
attribute,instrument/@id,3,
element,note/type,1,*
element,note/dot,1,
element,note/accidental,1,
element,note/time-modification,1,
element,time-modification/actual-notes,1,
element,time-modification/normal-notes,1,
element,time-modification/normal-type,1,
element,note/stem,1,
element,note/notehead,1,
element,note/staff,1,
element,note/voice,3,
element,note/beam,1,*
attribute,beam/@number,1,
attribute,note/@dynamics,3,
attribute,note/@end-dynamics,3,
attribute,note/@attack,3,
attribute,note/@release,3,
attribute,note/@pizzicato,3,
element,note/notations,1,
element,notations/tied,1,
attribute,tied/@type,1,
element,notations/slur,1,
attribute,slur/@type,1,
attribute,slur/@number,1,
element,notations/tuplet,1,
attribute,tuplet/@type,1,
attribute,tuplet/@number,1,
attribute,tuplet/@bracket,1,
element,notations/fermata,1,
attribute,fermata/@type,1,
attribute,fermata/@placement,1,
element,notations/articulations,1,
element,articulations/accent,1,
element,articulations/strong-accent,1,
element,articulations/staccato,1,
element,articulations/tenuto,1,
element,articulations/detached-legato,1,
element,articulations/staccatissimo,1,
element,articulations/spiccato,1,
element,articulations/stress,1,
element,articulations/unstress,1,
element,articulations/soft-accent,1,
element,notations/ornaments,1,
element,ornaments/trill-mark,1,
element,ornaments/turn,1,
element,ornaments/inverted-turn,1,
element,ornaments/delayed-turn,1,
element,ornaments/delayed-inverted-turn,1,
element,ornaments/mordent,1,
element,ornaments/inverted-mordent,1,
element,ornaments/shake,1,
element,ornaments/wavy-line,1,
attribute,wavy-line/@type,1,
attribute,wavy-line/@number,1,
element,ornaments/tremolo,1,
attribute,tremolo/@type,1,
element,notations/technical,1,
element,technical/fingering,1,
element,technical/harmonic,1,
element,technical/open-string,1,
element,technical/snap-pizzicato,1,
element,technical/up-bow,1,
element,technical/down-bow,1,
element,technical/heel,1,
element,technical/toe,1,
element,technical/hammer-on,1,
attribute,hammer-on/@type,1,
attribute,hammer-on/@number,1,
element,technical/pull-off,1,
attribute,pull-off/@type,1,
attribute,pull-off/@number,1,
element,technical/bend,1,
element,bend/bend-alter,1,
element,bend/pre-bend,1,
element,bend/release,1,
element,bend/with-bar,1,
element,technical/tap,1,
element,technical/slide,1,
attribute,slide/@type,1,
attribute,slide/@number,1,
element,technical/string,2,
element,technical/fret,2,
element,notations/dynamics,1,
element,dynamics/p,1,
element,dynamics/pp,1,
element,dynamics/ppp,1,
element,dynamics/pppp,1,
element,dynamics/f,1,
element,dynamics/ff,1,
element,dynamics/fff,1,
element,dynamics/ffff,1,
element,dynamics/mp,1,
element,dynamics/mf,1,
element,dynamics/sf,1,
element,dynamics/sfz,1,
element,dynamics/sffz,1,
element,dynamics/fz,1,
element,dynamics/rf,1,
element,dynamics/rfz,1,
element,dynamics/fp,1,
element,dynamics/pf,1,
element,dynamics/other-dynamics,1,
element,notations/arpeggiate,1,
attribute,arpeggiate/@direction,1,
element,notations/non-arpeggiate,1,
attribute,non-arpeggiate/@type,1,
element,notations/glissando,1,
attribute,glissando/@type,1,
attribute,glissando/@line-type,1,
element,note/lyric,2,
attribute,lyric/@number,2,
attribute,lyric/@name,2,
element,lyric/syllabic,2,
element,lyric/text,2,
element,lyric/elision,2,
element,lyric/extend,2,
attribute,extend/@type,2,
element,lyric/laughing,2,
element,lyric/humming,2,
element,direction,1,
attribute,direction/@placement,1,
element,direction/direction-type,1,
element,direction-type/dynamics,1,
element,direction-type/words,1,
attribute,words/@font-style,1,
element,direction-type/metronome,1,
attribute,metronome/@parentheses,1,
element,metronome/beat-unit,1,
element,metronome/per-minute,1,
element,direction-type/wedge,1,
attribute,wedge/@type,1,
attribute,wedge/@number,1,
element,direction-type/pedal,1,
attribute,pedal/@type,1,
attribute,pedal/@line,1,
element,direction-type/octave-shift,1,
attribute,octave-shift/@type,1,
attribute,octave-shift/@number,1,
attribute,octave-shift/@size,1,
element,direction-type/rehearsal,1,
attribute,rehearsal/@enclosure,1,
element,direction-type/segno,1,
element,direction-type/coda,1,
element,direction-type/dashes,1,
attribute,dashes/@type,1,
attribute,dashes/@number,1,
element,direction-type/bracket,1,
attribute,bracket/@type,1,
attribute,bracket/@number,1,
attribute,bracket/@line-end,1,
element,direction-type/string-mute,1,
attribute,string-mute/@type,1,
element,direction/offset,1,
element,direction/staff,1,
element,direction/sound,3,
attribute,sound/@tempo,3,
attribute,sound/@dynamics,3,
attribute,sound/@dacapo,3,
attribute,sound/@segno,3,
attribute,sound/@dalsegno,3,
attribute,sound/@coda,3,
attribute,sound/@tocoda,3,
attribute,sound/@fine,3,
attribute,sound/@forward-repeat,3,
attribute,sound/@pizzicato,3,
element,barline,1,*
attribute,barline/@location,1,*
element,barline/bar-style,1,*
element,barline/repeat,1,*
attribute,repeat/@direction,1,*
attribute,repeat/@times,1,
element,barline/ending,1,
attribute,ending/@number,1,
attribute,ending/@type,1,
element,barline/fermata,1,
element,voice,3,
element,backup,3,
element,backup/duration,3,
element,forward,3,
element,forward/duration,3,
element,display-step,none,
element,display-octave,none,
element,notehead-text,none,
element,tuplet/tuplet-actual,none,
element,tuplet/tuplet-normal,none,
element,tuplet/tuplet-number,none,
element,tuplet/tuplet-type,none,
element,tuplet/tuplet-dot,none,
element,notations/other-notation,none,
element,ornaments/vertical-turn,none,
element,ornaments/inverted-vertical-turn,none,
element,ornaments/schleifer,none,
element,ornaments/haydn,none,
element,ornaments/other-ornament,none,
element,notations/accidental-mark,none,
element,harmonic/natural,none,
element,harmonic/artificial,none,
element,harmonic/base-pitch,none,
element,harmonic/touching-pitch,none,
element,harmonic/sounding-pitch,none,
element,technical/thumb-position,none,
element,technical/pluck,none,
element,technical/double-tongue,none,
element,technical/triple-tongue,none,
element,technical/stopped,none,
element,technical/fingernails,none,
element,technical/hole,none,
element,hole/hole-type,none,
element,hole/hole-closed,none,
element,hole/hole-shape,none,
element,technical/arrow,none,
element,arrow/arrow-direction,none,
element,arrow/arrow-style,none,
element,arrow/arrowhead,none,
element,arrow/circular-arrow,none,
element,technical/handbell,none,
element,technical/brass-bend,none,
element,technical/flip,none,
element,technical/smear,none,
element,technical/open,none,
element,technical/half-muted,none,
element,technical/harmon-mute,none,
element,harmon-mute/harmon-closed,none,
element,technical/golpe,none,
element,technical/other-technical,none,
element,articulations/scoop,none,
element,articulations/plop,none,
element,articulations/doit,none,
element,articulations/falloff,none,
element,articulations/breath-mark,none,
element,articulations/caesura,none,
element,articulations/other-articulation,none,
element,lyric/end-line,none,
element,lyric/end-paragraph,none,
element,note/listen,none,
element,listen/assess,none,
element,listen/wait,none,
element,listen/other-listen,none,
element,figured-bass,none,
element,figured-bass/figure,none,
element,figure/prefix,none,
element,figure/figure-number,none,
element,figure/suffix,none,
element,direction-type/symbol,none,
element,metronome/beat-unit-dot,none,
element,metronome/beat-unit-tied,none,
element,metronome/metronome-note,none,
element,metronome-note/metronome-relation,none,
element,metronome-note/metronome-type,none,
element,metronome-note/metronome-arrows,none,
element,metronome-note/metronome-dot,none,
element,metronome-note/metronome-beam,none,
element,metronome-note/metronome-tied,none,
element,metronome-note/metronome-tuplet,none,
element,direction-type/harp-pedals,none,
element,harp-pedals/pedal-tuning,none,
element,pedal-tuning/pedal-step,none,
element,pedal-tuning/pedal-alter,none,
element,direction-type/damp,none,
element,direction-type/damp-all,none,
element,direction-type/eyeglasses,none,
element,direction-type/scordatura,none,
element,scordatura/accord,none,
element,direction-type/image,none,
element,direction-type/principal-voice,none,
element,direction-type/accordion-registration,none,
element,accordion-registration/accordion-high,none,
element,accordion-registration/accordion-middle,none,
element,accordion-registration/accordion-low,none,
element,direction-type/staff-divide,none,
element,direction-type/percussion,none,
element,percussion/glass,none,
element,percussion/metal,none,
element,percussion/wood,none,
element,percussion/pitched,none,
element,percussion/membrane,none,
element,percussion/effect,none,
element,percussion/timpani,none,
element,percussion/beater,none,
element,percussion/stick,none,
element,stick/stick-type,none,
element,stick/stick-material,none,
element,stick/stick-location,none,
element,percussion/other-percussion,none,
element,direction-type/other-direction,none,
element,direction-type/harmony,none,
element,harmony/root,none,
element,root/root-step,none,
element,root/root-alter,none,
element,harmony/numeral,none,
element,numeral/numeral-root,none,
element,numeral/numeral-alter,none,
element,numeral/numeral-key,none,
element,numeral-key/numeral-fifths,none,
element,numeral-key/numeral-mode,none,
element,harmony/function,none,
element,harmony/kind,none,
element,harmony/inversion,none,
element,harmony/bass,none,
element,bass/bass-separator,none,
element,bass/bass-step,none,
element,bass/bass-alter,none,
element,harmony/degree,none,
element,degree/degree-value,none,
element,degree/degree-alter,none,
element,degree/degree-type,none,
element,harmony/frame,none,
element,frame/frame-strings,none,
element,frame/frame-frets,none,
element,frame/first-fret,none,
element,frame/frame-note,none,
element,frame-note/barre,none,
element,direction-type/grouping,none,
element,grouping/feature,none,
element,part/print,none,
element,print/measure-numbering,none,
element,direction/instrument-change,none,
element,direction-type/swing,none,
element,swing/straight,none,
element,swing/first,none,
element,swing/second,none,
element,swing/swing-type,none,
element,swing/swing-style,none,
element,score-timewise/listening,none,
element,listening/sync,none,
element,listening/other-listening,none,
element,time/interchangeable,none,
element,time/time-relation,none,
element,key/cancel,none,
element,key/key-step,none,
element,key/key-alter,none,
element,key/key-accidental,none,
element,key/key-octave,none,
element,attributes/part-symbol,none,
element,attributes/instruments,none,
element,staff-details/line-detail,none,
element,staff-details/staff-size,none,
element,transpose/double,none,
element,attributes/for-part,none,
element,for-part/part-clef,none,
element,for-part/part-transpose,none,
element,attributes/directive,none,
element,attributes/measure-style,none,
element,measure-style/multiple-rest,none,
element,measure-style/measure-repeat,none,
element,measure-style/beat-repeat,none,
element,measure-style/slash,none,
element,slash/slash-type,none,
element,slash/slash-dot,none,
element,measure-repeat/except-voice,none,
element,work/opus,none,
element,defaults/concert-score,none,
element,defaults/music-font,none,
element,defaults/word-font,none,
element,defaults/lyric-language,none,
element,credit/credit-type,none,
element,credit/credit-symbol,none,
element,credit/credit-image,none,
element,score-part/part-link,none,
element,part-link/instrument-link,none,
element,part-link/group-link,none,
element,part-list/part-group,none,
element,part-group/group-name,none,
element,part-group/group-name-display,none,
element,part-group/group-abbreviation,none,
element,part-group/group-abbreviation-display,none,
element,part-group/group-symbol,none,
element,part-group/group-barline,none,
element,part-group/group-time,none,
element,score-part/instrument-abbreviation,none,
element,score-instrument/group,none,
element,score-part/player,none,
element,player/player-name,none,
element,score-timewise/score-partwise,none,
element,defaults/page-layout,none,
element,page-layout/page-height,none,
element,page-layout/page-width,none,
element,page-layout/page-margins,none,
element,page-margins/left-margin,none,
element,page-margins/right-margin,none,
element,page-margins/top-margin,none,
element,page-margins/bottom-margin,none,
element,defaults/system-layout,none,
element,system-layout/system-margins,none,
element,system-layout/system-distance,none,
element,system-layout/top-system-distance,none,
element,system-layout/system-dividers,none,
element,system-dividers/left-divider,none,
element,system-dividers/right-divider,none,
element,defaults/staff-layout,none,
element,staff-layout/staff-distance,none,
element,defaults/measure-layout,none,
element,measure-layout/measure-distance,none,
element,defaults/appearance,none,
element,appearance/line-width,none,
element,appearance/note-size,none,
element,appearance/distance,none,
element,appearance/glyph,none,
element,appearance/other-appearance,none,
element,encoding/encoder,none,
element,encoding/encoding-description,none,
element,encoding/supports,none,
element,identification/source,none,
element,identification/relation,none,
element,identification/miscellaneous,none,
element,miscellaneous/miscellaneous-field,none,
element,note/footnote,none,
element,note/level,none,
element,tuplet-normal/normal-dot,none,
element,dynamics/ppppp,none,
element,dynamics/pppppp,none,
element,dynamics/fffff,none,
element,dynamics/ffffff,none,
element,dynamics/sfp,none,
element,dynamics/sfpp,none,
element,dynamics/sfzp,none,
element,dynamics/n,none,
element,identification/bookmark,none,
element,identification/link,none,
element,staff-tuning/tuning-alter,none,
element,notations/display-text,none,
element,notations/accidental-text,none,
element,score-part/part-name-display,none,
element,score-part/part-abbreviation-display,none,
element,score-instrument/solo,none,
element,score-instrument/ensemble,none,
element,midi-instrument/midi-name,none,
element,midi-instrument/midi-bank,none,
element,note/play,none,
element,play/ipa,none,
element,play/mute,none,
element,play/semi-pitched,none,
element,play/other-play,none,
